{
  "tests": [
    {
      "name": "n=1, k=1",
      "setup": "g++ ./task.cpp -o task -O2 -pedantic-errors",
      "run": "./task",
      "input": "1 1",
      "output": "1",
      "comparison": "exact",
      "timeout": 1,
      "points": null
    },
    {
      "name": "n=4, k=2",
      "setup": "",
      "run": "./task",
      "input": "4 2",
      "output": "2",
      "comparison": "exact",
      "timeout": 1,
      "points": null
    },
    {
      "name": "n=10, k=4",
      "setup": "",
      "run": "./task ",
      "input": "10 4",
      "output": "9",
      "comparison": "exact",
      "timeout": 1,
      "points": null
    },
    {
      "name": "n=100, k=10",
      "setup": "",
      "run": "./task",
      "input": "100 10",
      "output": "2977866",
      "comparison": "exact",
      "timeout": 1,
      "points": null
    },
    {
      "name": "n=150, k=10",
      "setup": "",
      "run": "./task",
      "input": "150 10",
      "output": "75611815",
      "comparison": "included",
      "timeout": 1,
      "points": null
    },
    {
      "name": "n=150, k=20",
      "setup": "",
      "run": "./task",
      "input": "150 20",
      "output": "1713879071",
      "comparison": "exact",
      "timeout": 1,
      "points": 0
    },
    {
      "name": "n=500, k=100",
      "setup": "",
      "run": "./task",
      "input": "500 100",
      "output": "6604049133121382808",
      "comparison": "exact",
      "timeout": 1,
      "points": 1
    }
  ]
}