{
  "tests": [
    {
      "name": "Test 1",
      "setup": "g++ ./queuemin.cpp -o queuemin -O2 -pedantic-errors",
      "run": "./queuemin tests/in/input1.txt output.txt && cmp -s output.txt tests/out/output1.txt",
      "input": "",
      "output": "",
      "comparison": "included",
      "timeout": 1,
      "points": 1
    },
    {
      "name": "Test 2",
      "setup": "",
      "run": "./queuemin tests/in/input2.txt output.txt && cmp -s output.txt tests/out/output2.txt",
      "input": "",
      "output": "",
      "comparison": "included",
      "timeout": 1,
      "points": 1
    },
    {
      "name": "Test 3",
      "setup": "",
      "run": "./queuemin tests/in/input3.txt output.txt && cmp -s output.txt tests/out/output3.txt",
      "input": "",
      "output": "",
      "comparison": "included",
      "timeout": 1,
      "points": 1
    },
    {
      "name": "Test 4",
      "setup": "",
      "run": "./queuemin tests/in/input4.txt output.txt && cmp -s output.txt tests/out/output4.txt",
      "input": "",
      "output": "",
      "comparison": "included",
      "timeout": 1,
      "points": 1
    },
    {
      "name": "Test 5",
      "setup": "",
      "run": "./queuemin tests/in/input5.txt output.txt && cmp -s output.txt tests/out/output5.txt",
      "input": "",
      "output": "",
      "comparison": "included",
      "timeout": 1,
      "points": 1
    },
    {
      "name": "Test 6",
      "setup": "",
      "run": "./queuemin tests/in/input6.txt output.txt && cmp -s output.txt tests/out/output6.txt",
      "input": "",
      "output": "",
      "comparison": "included",
      "timeout": 1,
      "points": 1
    },
    {
      "name": "Test 7",
      "setup": "",
      "run": "./queuemin tests/in/input7.txt output.txt && cmp -s output.txt tests/out/output7.txt",
      "input": "",
      "output": "",
      "comparison": "included",
      "timeout": 1,
      "points": 1
    },
    {
      "name": "Test 8",
      "setup": "",
      "run": "./queuemin tests/in/input8.txt output.txt && cmp -s output.txt tests/out/output8.txt",
      "input": "",
      "output": "",
      "comparison": "included",
      "timeout": 1,
      "points": 1
    }
  ]
}